,AR,DR,Std,SR,PD,LPSD,SOR
FinRL-SAC,0.14432551536355032,0.0007216275768177541,0.00782994096829063,0.09216258203480351,111.0,0.008064143520574947,0.08948595408509104
