,AR,DR,Std,SR,PD,LPSD,SOR
FinRL-DDPG,0.03301217626468944,0.0001650608813234459,0.008154500923321996,0.020241690187485208,105.0,0.008587881458382407,0.019220209561967613
