,AR,DR,Std,SR,PD,LPSD,SOR
FinRL-SAC,-0.027117300875498636,-0.00013558650437748982,0.007837311501990844,-0.01730012955884782,101.0,0.008235919642408732,-0.016462825071692333
