,AR,DR,Std,SR,PD,LPSD,SOR
EIIE,0.09833659441210309,0.0004916829720605124,0.00900551932517048,0.054597958685875615,103.0,0.007669866231620324,0.06410580800398656
CRP,0.017365547654220475,8.682773827110025e-05,0.007316791094067012,0.011866915038958335,106.0,0.007504279503125537,0.01157042967748422
