,AR,DR,Std,SR,PD,LPSD,SOR
EIIE,0.09529127399849821,0.000476456369992494,0.0066286114750409636,0.07187875949382741,108.0,0.0065219703978209006,0.0730540528291398
CRP,0.16533457269485533,0.0008266728634742772,0.007375314857434672,0.11208645047078244,110.0,0.007372097246527849,0.11213537150010171
