,AR,DR,Std,SR,PD,LStd,STR
DC-PSS,0.36963499317872744,0.00184817496589365,0.018990714236052576,0.09731992925179274,102.0,0.016794540369870336,0.11004617722133701
