,AR,DR,Std,SR,PD,LStd,STR
DC-PSS,0.24698915467768306,0.0012349457733884272,0.016610575073414596,0.07434696077229566,111.0,0.018143583546432973,0.06806515208133827
