,AR,DR,Std,SR,PD,LPSD,SOR
FinRL-DDPG,0.21342077811785132,0.0010671038905892606,0.008099291514365512,0.13175274512549215,113.0,0.008308335387472441,0.12843774845660083
